<?xml version="1.0" encoding="UTF-8" ?><Poliquizz><id>5</id><name>Sports V</name><date>Jun 01, 2019</date><feedback>Answer the following questions.</feedback><quizzes><item><id>7</id><idExam>5</idExam><quizz><name>Are the Bears a football team from Chicago Illinois?</name><type>TrueFalse</type><answer>true</answer><feedback>Same as the soccer team C. Fire.</feedback><errorFeedback>The correct answer is True</errorFeedback></quizz></item><item><id>8</id><idExam>5</idExam><quizz><name>Which Team does Messi belongs</name><type>SelectMenu</type><answer>option2</answer><option1>Bayern</option1><option2>Barcelona</option2><option3>Liverpool</option3><option4>Cruz Azul</option4><feedback></feedback><errorFeedback>The correct answer is Barcelona</errorFeedback></quizz></item><item><id>9</id><idExam>5</idExam><quizz><name>In which teams Ronaldo used to play</name><type>MultiSelect</type><answer><item>option2</item><item>option4</item></answer><option1>America</option1><option2>Real Madrid</option2><option3>Portugal</option3><option4>Brazil</option4><feedback>Consider Ronaldo, not CR7</feedback><errorFeedback>The correct answers are Real Madrid and Brazil</errorFeedback></quizz></item><item><id>11</id><idExam>5</idExam><quizz><name>Is Monarcas from Nuevo Leon?</name><type>TrueFalse</type><answer>false</answer><errorFeedback>The correct answer is false.</errorFeedback></quizz></item><item><id>13</id><idExam>5</idExam><quizz><name>Was Michael Jordan in Chicago Bulls?</name><type>TrueFalse</type><answer>true</answer><errorFeedback>The correct answer is true</errorFeedback></quizz></item></quizzes></Poliquizz>