<?xml version="1.0" encoding="UTF-8" ?><Poliquizz><id>7</id><name>Docker Basics</name><date>Jun 02, 2019</date><feedback></feedback><quizzes><item><id>12</id><idExam>7</idExam><quizz><name>What animal is the oficial pet of Docker?</name><type>SelectMenu</type><answer>option2</answer><option1>Turtle</option1><option2>Whale</option2><option3>Dog</option3><option4>Pinguin</option4><feedback>Is not what you are thinking.</feedback><errorFeedback>The correct answer is Turtle, actually its name is Gordon and it&apos;s the master mind behind the Docker project.</errorFeedback></quizz></item></quizzes></Poliquizz>